idx	label
0	covid
1	covid
2	covid
4	covid
5	covid
7	covid
8	covid
9	covid
12	covid
13	covid
14	covid
15	covid
16	covid
19	covid
20	covid
21	covid
22	covid
23	covid
25	covid
26	covid
29	covid
32	covid
33	covid
34	covid
38	covid
39	covid
41	covid
42	covid
43	covid
44	covid
45	covid
46	covid
47	covid
48	covid
49	covid
50	covid
54	covid
56	covid
57	covid
58	covid
59	covid
60	covid
61	covid
62	covid
63	covid
65	covid
66	covid
67	covid
68	covid
69	covid
70	covid
71	covid
72	covid
73	covid
74	covid
75	covid
76	covid
77	covid
79	covid
80	covid
81	covid
82	covid
83	covid
84	covid
85	covid
86	covid
87	covid
88	covid
89	covid
90	covid
91	covid
92	covid
93	covid
94	covid
97	covid
98	covid
99	covid
100	covid
102	covid
103	covid
104	covid
105	covid
107	covid
108	covid
109	covid
111	covid
112	covid
113	covid
114	covid
115	covid
116	covid
117	covid
118	covid
119	covid
120	covid
121	covid
122	covid
124	covid
125	covid
126	covid
127	covid
128	covid
129	covid
130	covid
131	covid
132	covid
134	covid
135	covid
136	covid
137	covid
138	covid
139	covid
140	covid
141	covid
142	covid
144	covid
145	covid
147	covid
148	covid
149	covid
150	covid
151	covid
152	covid
153	covid
154	covid
155	covid
156	covid
158	covid
159	covid
160	covid
162	covid
163	covid
164	covid
165	covid
166	covid
168	covid
169	covid
170	covid
171	covid
174	covid
175	covid
176	covid
177	covid
179	covid
180	covid
183	covid
185	covid
186	covid
188	covid
189	covid
190	covid
191	covid
192	covid
193	covid
194	covid
195	covid
196	covid
198	covid
199	covid
200	covid
201	covid
210	covid
216	covid
217	covid
218	covid
219	covid
221	covid
222	covid
223	covid
224	covid
225	covid
227	covid
228	covid
229	covid
230	covid
231	covid
232	covid
233	covid
234	covid
235	covid
236	covid
237	covid
238	covid
239	covid
240	covid
241	covid
242	covid
243	covid
244	covid
245	covid
246	covid
248	covid
249	covid
250	covid
251	covid
252	covid
253	covid
254	covid
256	covid
257	covid
58	covid
392	covid
435	covid
465	covid
587	covid
780	covid
845	covid
990	covid
1272	covid
1352	covid
1353	covid
1424	covid
1508	covid
1528	covid
1529	covid
1533	covid
1543	covid
1544	covid
1546	covid
1552	covid
1891	covid
2080	covid
2107	covid
2123	covid
2124	covid
2186	covid
2248	covid
2319	covid
2371	covid
2415	covid
2433	covid
2439	covid
2567	covid
2614	covid
2632	covid
2865	covid
3016	covid
3032	covid
3047	covid
3065	covid
3070	covid
3074	covid
3081	covid
3097	covid
3098	covid
3109	covid
3142	covid
3158	covid
3159	covid
3175	covid
3177	covid
3187	covid
3189	covid
3198	covid
3205	covid
3206	covid
3211	covid
3217	covid
3240	covid
3242	covid
3249	covid
3250	covid
3255	covid
3260	covid
3261	covid
3264	covid
3288	covid
3298	covid
3301	covid
3315	covid
3318	covid
3333	covid
3336	covid
3350	covid
3384	covid
3385	covid
3386	covid
3387	covid
3401	covid
3408	covid
3413	covid
3419	covid
3424	covid
3430	covid
3436	covid
3442	covid
3445	covid
3470	covid
3496	covid
3518	covid
3530	covid
3535	covid
3547	covid
3549	covid
3552	covid
3557	covid
3565	covid
3568	covid
3579	covid
3583	covid
3597	covid
3599	covid
3602	covid
3604	covid
3606	covid
3608	covid
3609	covid
3615	covid
3623	covid
3630	covid
3631	covid
3642	covid
3646	covid
3655	covid
3659	covid
3662	covid
3671	covid
3672	covid
3677	covid
3694	covid
3697	covid
3699	covid
3713	covid
3740	covid
3745	covid
3777	covid
3783	covid
3809	covid
3811	covid
3813	covid
3824	covid
3838	covid
3850	covid
3853	covid
3863	covid
3865	covid
3901	covid
3914	covid
3929	covid
3940	covid
3945	covid
3946	covid
3961	covid
3985	covid
3998	covid
4015	covid
4030	covid
4062	covid
4080	covid
4085	covid
4093	covid
4099	covid
4109	covid
4111	covid
4129	covid
4130	covid
4168	covid
4177	covid
4183	covid
4186	covid
4187	covid
4198	covid
4209	covid
4214	covid
4217	covid
4219	covid
4222	covid
4226	covid
4250	covid
4254	covid
4280	covid
4284	covid
4297	covid
4305	covid
4311	covid
4321	covid
4328	covid
4337	covid
4344	covid
4357	covid
4362	covid
4367	covid
4377	covid
4380	covid
4403	covid
4405	covid
4408	covid
4413	covid
4417	covid
4435	covid
4472	covid
4477	covid
4531	covid
4556	covid
4557	covid
4563	covid
4577	covid
4578	covid
4579	covid
4581	covid
4587	covid
4590	covid
4634	covid
4636	covid
4693	covid
4703	covid
4719	covid
4739	covid
4760	covid
4769	covid
4779	covid
4787	covid
4816	covid
4860	covid
4890	covid
4894	covid
4896	covid
4923	covid
4935	covid
4939	covid
4951	covid
4954	covid
4955	covid
4956	covid
4959	covid
4966	covid
4974	covid
4977	covid
4978	covid
4990	covid
4995	covid
5004	covid
5010	covid
5020	covid
5026	covid
5028	covid
5036	covid
5043	covid
5075	covid
5096	covid
5100	covid
5119	covid
5145	covid
5170	covid
5191	covid
5192	covid
5196	covid
5217	covid
5218	covid
5224	covid
5230	covid
5241	covid
5244	covid
5263	covid
5264	covid
5270	covid
5271	covid
5280	covid
5282	covid
5285	covid
5288	covid
5293	covid
5323	covid
5325	covid
5340	covid
5349	covid
5351	covid
5354	covid
5371	covid
5378	covid
5380	covid
5381	covid
5391	covid
5453	covid
5460	covid
5467	covid
5471	covid
5474	covid
5479	covid
5480	covid
5508	covid
5516	covid
5526	covid
5528	covid
5531	covid
5532	covid
5533	covid
5536	covid
5558	covid
5559	covid
5568	covid
5577	covid
5588	covid
5596	covid
5598	covid
5599	covid
5605	covid
5609	covid
5611	covid
5646	covid
5651	covid
5664	covid
5679	covid
5680	covid
5705	covid
5722	covid
5725	covid
5730	covid
5733	covid
5736	covid
5745	covid
5763	covid
5767	covid
5777	covid
5817	covid
5818	covid
5820	covid
5824	covid
5846	covid
5847	covid
5848	covid
5857	covid
5865	covid
5881	covid
5884	covid
5892	covid
5926	covid
5942	covid
7506	covid
7508	covid
7538	covid
7553	covid
7554	covid
7564	covid
7573	covid
7596	covid
7598	covid
7599	covid
7600	covid
7611	covid
7615	covid
7621	covid
7637	covid
7649	covid
7669	covid
7680	covid
7689	covid
7695	covid
7696	covid
7700	covid
7712	covid
7717	covid
7722	covid
7723	covid
7727	covid
7729	covid
7734	covid
7751	covid
7759	covid
7760	covid
7766	covid
7770	covid
7772	covid
7779	covid
7780	covid
7787	covid
7826	covid
7890	covid
7892	covid
7899	covid
7903	covid
7905	covid
7908	covid
7913	covid
7928	covid
7932	covid
7938	covid
7956	covid
7960	covid
7965	covid
7971	covid
7976	covid
7992	covid
7993	covid
7999	covid
8008	covid
8012	covid
8018	covid
8022	covid
8034	covid
8074	covid
8118	covid
8136	covid
8150	covid
8151	covid
8155	covid
8160	covid
8163	covid
8164	covid
8205	covid
8258	covid
8266	covid
8658	covid
8663	covid
9256	covid
9266	covid
9269	covid
9270	covid
9272	covid
9273	covid
9279	covid
9296	covid
9310	covid
9333	covid
9340	covid
9355	covid
9357	covid
9368	covid
9372	covid
9374	covid
9376	covid
9378	covid
9381	covid
9385	covid
9398	covid
9410	covid
9424	covid
9443	covid
9446	covid
9454	covid
9461	covid
9472	covid
9477	covid
9496	covid
9503	covid
9515	covid
9586	covid
9594	covid
9597	covid
9604	covid
9620	covid
9633	covid
9646	covid
9652	covid
9676	covid
9681	covid
9709	covid
9711	covid
9713	covid
9720	covid
9738	covid
9741	covid
9749	covid
9756	covid
9758	covid
9775	covid
9807	covid
9829	covid
9830	covid
9837	covid
9846	covid
9856	covid
9859	covid
9874	covid
9883	covid
9892	covid
9902	covid
9913	covid
9915	covid
9923	covid
9932	covid
9934	covid
9955	covid
9958	covid
9963	covid
9966	covid
9978	covid
9988	covid
9998	covid
10003	covid
10005	covid
10012	covid
10013	covid
10017	covid
10025	covid
10092	covid
10135	covid
10170	covid
10172	covid
10173	covid
10174	covid
10178	covid
10181	covid
10185	covid
10199	covid
10211	covid
10242	covid
10284	covid
10285	covid
10295	covid
10314	covid
10319	covid
10325	covid
10360	covid
10405	covid
10415	covid
10416	covid
10422	covid
10424	covid
10434	covid
10465	covid
10466	covid
10476	covid
10501	covid
10505	covid
10509	covid
10518	covid
10523	covid
10531	covid
10535	covid
10538	covid
10549	covid
10557	covid
10576	covid
10580	covid
10584	covid
10592	covid
10594	covid
10601	covid
10606	covid
10607	covid
10626	covid
10641	covid
10658	covid
10668	covid
10674	covid
10679	covid
10684	covid
10688	covid
10695	covid
10729	covid
10755	covid
10769	covid
10795	covid
10800	covid
10826	covid
10828	covid
10834	covid
10841	covid
10843	covid
10865	covid
10895	covid
10899	covid
10910	covid
10923	covid
10984	covid
10985	covid
11003	covid
11004	covid
11006	covid
11007	covid
11010	covid
11028	covid
11042	covid
11043	covid
11047	covid
11074	covid
11080	covid
11083	covid
11088	covid
11089	covid
11090	covid
11099	covid
11102	covid
11108	covid
11118	covid
11132	covid
11137	covid
11146	covid
11148	covid
11151	covid
11158	covid
11169	covid
11182	covid
11188	covid
11194	covid
11207	covid
11270	covid
11280	covid
11287	covid
11290	covid
11293	covid
11294	covid
11298	covid
11301	covid
11308	covid
11314	covid
11325	covid
11344	covid
11347	covid
11369	covid
11378	covid
11400	covid
11418	covid
11444	covid
11447	covid
11471	covid
11485	covid
11503	covid
11505	covid
11508	covid
11552	covid
11555	covid
11585	covid
11586	covid
11593	covid
11597	covid
11601	covid
11641	covid
11648	covid
11655	covid
11656	covid
11658	covid
11667	covid
11668	covid
11670	covid
11699	covid
11710	covid
11711	covid
11717	covid
11750	covid
11755	covid
11765	covid
11766	covid
11774	covid
11775	covid
11778	covid
11786	covid
11796	covid
11804	covid
11808	covid
11817	covid
11822	covid
11827	covid
11844	covid
11851	covid
11853	covid
11859	covid
11862	covid
11866	covid
11880	covid
11883	covid
11885	covid
11887	covid
11892	covid
11893	covid
11899	covid
11913	covid
11920	covid
11930	covid
11932	covid
11933	covid
11935	covid
11942	covid
11963	covid
11970	covid
12000	covid
12004	covid
12019	covid
12042	covid
12056	covid
12059	covid
12064	covid
12068	covid
12069	covid
12074	covid
12082	covid
12084	covid
12097	covid
12107	covid
12111	covid
12130	covid
12140	covid
12149	covid
12159	covid
12163	covid
12176	covid
12197	covid
12203	covid
12218	covid
12260	covid
12269	covid
12288	covid
12301	covid
12343	covid
12346	covid
12354	covid
12361	covid
12370	covid
12371	covid
12372	covid
12377	covid
12393	covid
12396	covid
12397	covid
12409	covid
12410	covid
12415	covid
12417	covid
12450	covid
12460	covid
12476	covid
12515	covid
12518	covid
12539	covid
12540	covid
12559	covid
12563	covid
12575	covid
12579	covid
12589	covid
12599	covid
12601	covid
12608	covid
12611	covid
12612	covid
12613	covid
12618	covid
12624	covid
12637	covid
12638	covid
12641	covid
12655	covid
12678	covid
12682	covid
12689	covid
12693	covid
12700	covid
12725	covid
12735	covid
12740	covid
12744	covid
12754	covid
12776	covid
12784	covid
12793	covid
12798	covid
12807	covid
12817	covid
12820	covid
12821	covid
12829	covid
12844	covid
12851	covid
12855	covid
12864	covid
12866	covid
12872	covid
12873	covid
12875	covid
12877	covid
12878	covid
12890	covid
12909	covid
12910	covid
12921	covid
12926	covid
12930	covid
12931	covid
12935	covid
12938	covid
12945	covid
12959	covid
12961	covid
12963	covid
12971	covid
12987	covid
12988	covid
12989	covid
12990	covid
13011	covid
13021	covid
13031	covid
13039	covid
13043	covid
13057	covid
13059	covid
13071	covid
13072	covid
13073	covid
13083	covid
13085	covid
13086	covid
13089	covid
13106	covid
13107	covid
13112	covid
13113	covid
13125	covid
13128	covid
13137	covid
13139	covid
13145	covid
13146	covid
13156	covid
13160	covid
13161	covid
13173	covid
13176	covid
13184	covid
13188	covid
13206	covid
13211	covid
13226	covid
13232	covid
13238	covid
13241	covid
13251	covid
13257	covid
13279	covid
13322	covid
13324	covid
13331	covid
13332	covid
13338	covid
13351	covid
13357	covid
13375	covid
13381	covid
13384	covid
13392	covid
13418	covid
13434	covid
13436	covid
13456	covid
13465	covid
13468	covid
13471	covid
13476	covid
13478	covid
13479	covid
13481	covid
13487	covid
13490	covid
13493	covid
13499	covid
13516	covid
13537	covid
13553	covid
13560	covid
13579	covid
13584	covid
13591	covid
13595	covid
13599	covid
13602	covid
13613	covid
13626	covid
13629	covid
13631	covid
13654	covid
13656	covid
13657	covid
13661	covid
13692	covid
13712	covid
13718	covid
13752	covid
13755	covid
13756	covid
13757	covid
13768	covid
13802	covid
13816	covid
13822	covid
13826	covid
13829	covid
13835	covid
13838	covid
13841	covid
13846	covid
13858	covid
13927	covid
13946	covid
13951	covid
13969	covid
13974	covid
13975	covid
13985	covid
13990	covid
14010	covid
14014	covid
14020	covid
14022	covid
14037	covid
14045	covid
14046	covid
14053	covid
14054	covid
14056	covid
14057	covid
14065	covid
14072	covid
14074	covid
14121	covid
14123	covid
14130	covid
14131	covid
14137	covid
14161	covid
14164	covid
14170	covid
14187	covid
14208	covid
14218	covid
14227	covid
14233	covid
14240	covid
14249	covid
14253	covid
14255	covid
14260	covid
14264	covid
14275	covid
14277	covid
14299	covid
14303	covid
14305	covid
14306	covid
14311	covid
14335	covid
14356	covid
14360	covid
14365	covid
14369	covid
14383	covid
14384	covid
14397	covid
14403	covid
14419	covid
14454	covid
14465	covid
14474	covid
14475	covid
14508	covid
14512	covid
14527	covid
14533	covid
14536	covid
14544	covid
14559	covid
14566	covid
14594	covid
14596	covid
14599	covid
14608	covid
14613	covid
14614	covid
14622	covid
14623	covid
14642	covid
14644	covid
14679	covid
14687	covid
14688	covid
14689	covid
14701	covid
14703	covid
14704	covid
14724	covid
14727	covid
14735	covid
14737	covid
14751	covid
14755	covid
14759	covid
14761	covid
14764	covid
14767	covid
14780	covid
14782	covid
14791	covid
14792	covid
14800	covid
14808	covid
14810	covid
14817	covid
14822	covid
14825	covid
14850	covid
14856	covid
14857	covid
14859	covid
14869	covid
14889	covid
14891	covid
14897	covid
14904	covid
14906	covid
14911	covid
14912	covid
14920	covid
14925	covid
14928	covid
14943	covid
14950	covid
14965	covid
14967	covid
14986	covid
14994	covid
15001	covid
15004	covid
15010	covid
15013	covid
15023	covid
15050	covid
15052	covid
15053	covid
15061	covid
15081	covid
15088	covid
15089	covid
15097	covid
15105	covid
15109	covid
15116	covid
15132	covid
15141	covid
15146	covid
15155	covid
15166	covid
15171	covid
15191	covid
15194	covid
15198	covid
15204	covid
15211	covid
15219	covid
15245	covid
15254	covid
15256	covid
15278	covid
15283	covid
15352	covid
15362	covid
15378	covid
15381	covid
15384	covid
15387	covid
15390	covid
15393	covid
15395	covid
15406	covid
15408	covid
15411	covid
15419	covid
15432	covid
15440	covid
15453	covid
15456	covid
15479	covid
15481	covid
15494	covid
15495	covid
15507	covid
15519	covid
15533	covid
15549	covid
15561	covid
15564	covid
15565	covid
15575	covid
15579	covid
15581	covid
15582	covid
15593	covid
15597	covid
15599	covid
15602	covid
15607	covid
15609	covid
15616	covid
15620	covid
15625	covid
15635	covid
15649	covid
15650	covid
15656	covid
15662	covid
15670	covid
15674	covid
15677	covid
15679	covid
15697	covid
15704	covid
15705	covid
15718	covid
15724	covid
15733	covid
15753	covid
15766	covid
15770	covid
15779	covid
15801	covid
15811	covid
15823	covid
15827	covid
15830	covid
15831	covid
15839	covid
15844	covid
15874	covid
15876	covid
15884	covid
15887	covid
15891	covid
15902	covid
15906	covid
15910	covid
15914	covid
15920	covid
15925	covid
15930	covid
15933	covid
15944	covid
15978	covid
16004	covid
16007	covid
16009	covid
16040	covid
16049	covid
16050	covid
16053	covid
16056	covid
16059	covid
16063	covid
16075	covid
16090	covid
16096	covid
16114	covid
16115	covid
16117	covid
16133	covid
16137	covid
16138	covid
16143	covid
16145	covid
16149	covid
16163	covid
16168	covid
16172	covid
16204	covid
16221	covid
16224	covid
16233	covid
16290	covid
16297	covid
16300	covid
16329	covid
16350	covid
16374	covid
16383	covid
16385	covid
16394	covid
16398	covid
16419	covid
16444	covid
16460	covid
16495	covid
16503	covid
16510	covid
16511	covid
16514	covid
16516	covid
16518	covid
16519	covid
16522	covid
16523	covid
16551	covid
16553	covid
16554	covid
16556	covid
16569	covid
16579	covid
16585	covid
16595	covid
16604	covid
16618	covid
16649	covid
16656	covid
16677	covid
16712	covid
16732	covid
16748	covid
16780	covid
16789	covid
16806	covid
16813	covid
16824	covid
16831	covid
16848	covid
16850	covid
16862	covid
16871	covid
16879	covid
16889	covid
16890	covid
16898	covid
16900	covid
16916	covid
16921	covid
16931	covid
16933	covid
16942	covid
16944	covid
16958	covid
16968	covid
16972	covid
16988	covid
17048	covid
17054	covid
17065	covid
17076	covid
17080	covid
17086	covid
17088	covid
17097	covid
17147	covid
17156	covid
17160	covid
17180	covid
17181	covid
17189	covid
17202	covid
17206	covid
17207	covid
17209	covid
17220	covid
17257	covid
17264	covid
17270	covid
17276	covid
17283	covid
17286	covid
17289	covid
17293	covid
17299	covid
17302	covid
17334	covid
17346	covid
17349	covid
17368	covid
17372	covid
17393	covid
17429	covid
17439	covid
17444	covid
17462	covid
17465	covid
17472	covid
17476	covid
17478	covid
17481	covid
17482	covid
17488	covid
17500	covid
17523	covid
17540	covid
17568	covid
17570	covid
17571	covid
17617	covid
17619	covid
17630	covid
17640	covid
17643	covid
17650	covid
17665	covid
17668	covid
17671	covid
17672	covid
17673	covid
17676	covid
17680	covid
17683	covid
17689	covid
17690	covid
17713	covid
17737	covid
17742	covid
17776	covid
17786	covid
17795	covid
17800	covid
17802	covid
17804	covid
17813	covid
17826	covid
17830	covid
17832	covid
17844	covid
17847	covid
17883	covid
17888	covid
17889	covid
17895	covid
17900	covid
17903	covid
17904	covid
17953	covid
17961	covid
17965	covid
17966	covid
17991	covid
17995	covid
18007	covid
18022	covid
18060	covid
18067	covid
18076	covid
18089	covid
18091	covid
18097	covid
18098	covid
18111	covid
18112	covid
18118	covid
18126	covid
18130	covid
18139	covid
18141	covid
18170	covid
18183	covid
18208	covid
18226	covid
18228	covid
18248	covid
18250	covid
18259	covid
18263	covid
18270	covid
18272	covid
18291	covid
18293	covid
18301	covid
18306	covid
18321	covid
18332	covid
18335	covid
18337	covid
18342	covid
18349	covid
18350	covid
18352	covid
18357	covid
18372	covid
18386	covid
18398	covid
18400	covid
18423	covid
18437	covid
18454	covid
19540	covid
19707	covid
19710	covid
19732	covid
19749	covid
19764	covid
19778	covid
19782	covid
19806	covid
19829	covid
19837	covid
19854	covid
19862	covid
19865	covid
19890	covid
19901	covid
19915	covid
19917	covid
19921	covid
19927	covid
19942	covid
19979	covid
19998	covid
20000	covid
20008	covid
20012	covid
20016	covid
20023	covid
20025	covid
20035	covid
20040	covid
20057	covid
20061	covid
20062	covid
20064	covid
20065	covid
20184	covid
20190	covid
20227	covid
20232	covid
20260	covid
20267	covid
20338	covid
20350	covid
20359	covid
20363	covid
20379	covid
20604	covid
20636	covid
20911	covid
20920	covid
20927	covid
21672	covid
21725	covid
21737	covid
21754	covid
21755	covid
21759	covid
21777	covid
21784	covid
21807	covid
21822	covid
21841	covid
21851	covid
21861	covid
21876	covid
21887	covid
21892	covid
21911	covid
21915	covid
21918	covid
21930	covid
21962	covid
21967	covid
21991	covid
21999	covid
22001	covid
22019	covid
22041	covid
22046	covid
22051	covid
22055	covid
22059	covid
22066	covid
22077	covid
22088	covid
22089	covid
22102	covid
22117	covid
22127	covid
22137	covid
22140	covid
22146	covid
22149	covid
22155	covid
22160	covid
22191	covid
22228	covid
22232	covid
22235	covid
22241	covid
22244	covid
22248	covid
22256	covid
22263	covid
22277	covid
22284	covid
22294	covid
22327	covid
22335	covid
22337	covid
22386	covid
22403	covid
22417	covid
22418	covid
22428	covid
22435	covid
22479	covid
22492	covid
22522	covid
22525	covid
22529	covid
22544	covid
22549	covid
22551	covid
22555	covid
22577	covid
22586	covid
22590	covid
22598	covid
22604	covid
22607	covid
22622	covid
22640	covid
22659	covid
22695	covid
22711	covid
22714	covid
22723	covid
22726	covid
22777	covid
22785	covid
22814	covid
22817	covid
22822	covid
22844	covid
22845	covid
22850	covid
22867	covid
22879	covid
22896	covid
22897	covid
22920	covid
22930	covid
22931	covid
22932	covid
22934	covid
22940	covid
22941	covid
22975	covid
22976	covid
22981	covid
22985	covid
22993	covid
22994	covid
23003	covid
23025	covid
23034	covid
23035	covid
23036	covid
23046	covid
23047	covid
23049	covid
23055	covid
23060	covid
23066	covid
23080	covid
23102	covid
23125	covid
23128	covid
23136	covid
23143	covid
23144	covid
23167	covid
23175	covid
23185	covid
24972	covid
24979	covid
25865	covid
26373	covid
26403	covid
26405	covid
27234	covid
27258	covid
27282	covid
27318	covid
27355	covid
27358	covid
27362	covid
27365	covid
27368	covid
27377	covid
27401	covid
27587	covid
27593	covid
27609	covid
27618	covid
27666	covid
27676	covid
27677	covid
27744	covid
27749	covid
27752	covid
27758	covid
27760	covid
27763	covid
27778	covid
27821	covid
27825	covid
27838	covid
27847	covid
27852	covid
27899	covid
27936	covid
28034	covid
28037	covid
28059	covid
28070	covid
28075	covid
28101	covid
28143	covid
28145	covid
28171	covid
28199	covid
28213	covid
28219	covid
28261	covid
28287	covid
28299	covid
28338	covid
28343	covid
28344	covid
28355	covid
28771	covid
29697	covid
29721	covid
29722	covid
29727	covid
29739	covid
29773	covid
29793	covid
30194	covid
30195	covid
30203	covid
30214	covid
30281	covid
30327	covid
30331	covid
30344	covid
30400	covid
30417	covid
30448	covid
30456	covid
30477	covid
30483	covid
30537	covid
30544	covid
30769	covid
31669	covid
31676	covid
31680	covid
31699	covid
31701	covid
31707	covid
31725	covid
31726	covid
31728	covid
31730	covid
31738	covid
31756	covid
31783	covid
31792	covid
31795	covid
31799	covid
31810	covid
31811	covid
31812	covid
31814	covid
31823	covid
31843	covid
31867	covid
31879	covid
31880	covid
31885	covid
31895	covid
31900	covid
31909	covid
31959	covid
31964	covid
31983	covid
31990	covid
31992	covid
32003	covid
32020	covid
32023	covid
32024	covid
32025	covid
32034	covid
32052	covid
32058	covid
32068	covid
32100	covid
32101	covid
32103	covid
32108	covid
32121	covid
32122	covid
32129	covid
32137	covid
32142	covid
32152	covid
32156	covid
32170	covid
32199	covid
32250	covid
33072	covid
33100	covid
33103	covid
33105	covid
33110	covid
33111	covid
33118	covid
33119	covid
33122	covid
33123	covid
33126	covid
33127	covid
33136	covid
33141	covid
33145	covid
33153	covid
33161	covid
33167	covid
33173	covid
33174	covid
33190	covid
33192	covid
33197	covid
33203	covid
33222	covid
33252	covid
33263	covid
33269	covid
33278	covid
33289	covid
33329	covid
33364	covid
33369	covid
33374	covid
33382	covid
33401	covid
33405	covid
33411	covid
33445	covid
33452	covid
33457	covid
33493	covid
33501	covid
33538	covid
33540	covid
33549	covid
33554	covid
33563	covid
33583	covid
33587	covid
33588	covid
33589	covid
33595	covid
33607	covid
33617	covid
33620	covid
33621	covid
33623	covid
33644	covid
33652	covid
33653	covid
33681	covid
33736	covid
33743	covid
33756	covid
33759	covid
33781	covid
33791	covid
33797	covid
33825	covid
33833	covid
33837	covid
33852	covid
33869	covid
33877	covid
33884	covid
33894	covid
33898	covid
33910	covid
33919	covid
33934	covid
33937	covid
33978	covid
33981	covid
33986	covid
34549	covid
34564	covid
34571	covid
34590	covid
34606	covid
34610	covid
34616	covid
34621	covid
34641	covid
34645	covid
34653	covid
34655	covid
34660	covid
34671	covid
34672	covid
34678	covid
34680	covid
34681	covid
34683	covid
34691	covid
34696	covid
34703	covid
34719	covid
34741	covid
34743	covid
34746	covid
34754	covid
34767	covid
34772	covid
34785	covid
34788	covid
34792	covid
34796	covid
34806	covid
34822	covid
34829	covid
34831	covid
34832	covid
34834	covid
34854	covid
34858	covid
34863	covid
34881	covid
34884	covid
34891	covid
34895	covid
34904	covid
34921	covid
34967	covid
34975	covid
34978	covid
35005	covid
35010	covid
35034	covid
35043	covid
35045	covid
35049	covid
35052	covid
35061	covid
35066	covid
35093	covid
35105	covid
35110	covid
35116	covid
35132	covid
35136	covid
35142	covid
35143	covid
36091	covid
36102	covid
36107	covid
36108	covid
36118	covid
36132	covid
36141	covid
36149	covid
36150	covid
36159	covid
36167	covid
36174	covid
36178	covid
36200	covid
36210	covid
36226	covid
36229	covid
36231	covid
36234	covid
36235	covid
36244	covid
36245	covid
36251	covid
36258	covid
36265	covid
36282	covid
36289	covid
36291	covid
36296	covid
36297	covid
36302	covid
36326	covid
36339	covid
36346	covid
36347	covid
36350	covid
36351	covid
36352	covid
36375	covid
36378	covid
36404	covid
36405	covid
36407	covid
36435	covid
36440	covid
36447	covid
36458	covid
36459	covid
36473	covid
36474	covid
36475	covid
36729	covid
37559	covid
37571	covid
37574	covid
37575	covid
37580	covid
37589	covid
37597	covid
37602	covid
37609	covid
37627	covid
37640	covid
37643	covid
37648	covid
37649	covid
37663	covid
37671	covid
37677	covid
37694	covid
37701	covid
37705	covid
37706	covid
37711	covid
37719	covid
37728	covid
37737	covid
37757	covid
37760	covid
37771	covid
37779	covid
37785	covid
37788	covid
37794	covid
37798	covid
37801	covid
37802	covid
37806	covid
37811	covid
37826	covid
37830	covid
37833	covid
37848	covid
37854	covid
37866	covid
37877	covid
37901	covid
37902	covid
37907	covid
37915	covid
37938	covid
37939	covid
37941	covid
37964	covid
37984	covid
37999	covid
38032	covid
38038	covid
38047	covid
38049	covid
38052	covid
38061	covid
38065	covid
38068	covid
38071	covid
38078	covid
38086	covid
38096	covid
38110	covid
38115	covid
38116	covid
38133	covid
38149	covid
38151	covid
38162	covid
38170	covid
38171	covid
38179	covid
38195	covid
38205	covid
38217	covid
38225	covid
38228	covid
38229	covid
39031	covid
39039	covid
39044	covid
39056	covid
39085	covid
39090	covid
39091	covid
39107	covid
39113	covid
39114	covid
40519	covid
40531	covid
40533	covid
40537	covid
40538	covid
40549	covid
40576	covid
40592	covid
40593	covid
40594	covid
40599	covid
40612	covid
40618	covid
40638	covid
40640	covid
40644	covid
40653	covid
40679	covid
40681	covid
40695	covid
40701	covid
40703	covid
40705	covid
40706	covid
40707	covid
40740	covid
40748	covid
40751	covid
40755	covid
40765	covid
40776	covid
40802	covid
40817	covid
40821	covid
40841	covid
40860	covid
40864	covid
40866	covid
40870	covid
40879	covid
40905	covid
40907	covid
40915	covid
40917	covid
40921	covid
40934	covid
40951	covid
40999	covid
41054	covid
41057	covid
41061	covid
41078	covid
41079	covid
41080	covid
41081	covid
41082	covid
41092	covid
41095	covid
41097	covid
41111	covid
41115	covid
41134	covid
41170	covid
41194	covid
42130	covid
42132	covid
42140	covid
42152	covid
42167	covid
42196	covid
42205	covid
42213	covid
42214	covid
42216	covid
42229	covid
42240	covid
42248	covid
42274	covid
42279	covid
42280	covid
42287	covid
42317	covid
42323	covid
42331	covid
42403	covid
42404	covid
42405	covid
42406	covid
42852	covid
45102	covid
45124	covid
45130	covid
45142	covid
45163	covid
45172	covid
45173	covid
45186	covid
45201	covid
45226	covid
45232	covid
45245	covid
45327	covid
45334	covid
45335	covid
45379	covid
45391	covid
45844	covid
46385	covid
46515	covid
46517	covid
46520	covid
46525	covid
46530	covid
46541	covid
46556	covid
46593	covid
46627	covid
46637	covid
46662	covid
46670	covid
46674	covid
46706	covid
46714	covid
46725	covid
46731	covid
46732	covid
46738	covid
46743	covid
46746	covid
46755	covid
46756	covid
46774	covid
46782	covid
46789	covid
46793	covid
46794	covid
46806	covid
46820	covid
46826	covid
46836	covid
46851	covid
46856	covid
46900	covid
46941	covid
46942	covid
46947	covid
46948	covid
46949	covid
46954	covid
46986	covid
47013	covid
47029	covid
47040	covid
47051	covid
47052	covid
47056	covid
47058	covid
47104	covid
47109	covid
47144	covid
47153	covid
47175	covid
47222	covid
47226	covid
47227	covid
47231	covid
47233	covid
47257	covid
47259	covid
47266	covid
47274	covid
47276	covid
47280	covid
47290	covid
47313	covid
47316	covid
47321	covid
47322	covid
48037	covid
48043	covid
48100	covid
48109	covid
48119	covid
48145	covid
48157	covid
48159	covid
48163	covid
48168	covid
48173	covid
48187	covid
48189	covid
48210	covid
48216	covid
48218	covid
48220	covid
48280	covid
48286	covid
48290	covid
48292	covid
48302	covid
48314	covid
48328	covid
48333	covid
48335	covid
48343	covid
48367	covid
48379	covid
48423	covid
48439	covid
48461	covid
48469	covid
48477	covid
48495	covid
48498	covid
48503	covid
48508	covid
48534	covid
48553	covid
48567	covid
48568	covid
48580	covid
48598	covid
48607	covid
48609	covid
48613	covid
48614	covid
48619	covid
48623	covid
48628	covid
48632	covid
48636	covid
48639	covid
48734	covid
48771	covid
48780	covid
48790	covid
48791	covid
48800	covid
48801	covid
48810	covid
48813	covid
48816	covid
48829	covid
48915	covid
48968	covid
48971	covid
48976	covid
48980	covid
48981	covid
48998	covid
49004	covid
49017	covid
49020	covid
49029	covid
49032	covid
49036	covid
49045	covid
49052	covid
49065	covid
49077	covid
49090	covid
49094	covid
49112	covid
49191	covid
49508	covid
49548	covid
49554	covid
49555	covid
49560	covid
49569	covid
49576	covid
49588	covid
49589	covid
49602	covid
49606	covid
49614	covid
49617	covid
49644	covid
49652	covid
49655	covid
49656	covid
49658	covid
49675	covid
49684	covid
49687	covid
49698	covid
49702	covid
49714	covid
49725	covid
49756	covid
49759	covid
49779	covid
49790	covid
49791	covid
49825	covid
49828	covid
49831	covid
49838	covid
49841	covid
49843	covid
49858	covid
49862	covid
49864	covid
49865	covid
49866	covid
49867	covid
49871	covid
49882	covid
49890	covid
49910	covid
49952	covid
49962	covid
49963	covid
49987	covid
49989	covid
49990	covid
4	influenza
34	influenza
46	influenza
56	influenza
63	influenza
75	influenza
82	influenza
111	influenza
116	influenza
141	influenza
154	influenza
179	influenza
195	influenza
243	influenza
268	influenza
276	influenza
340	influenza
343	influenza
391	influenza
392	influenza
418	influenza
433	influenza
449	influenza
465	influenza
477	influenza
492	influenza
493	influenza
501	influenza
545	influenza
600	influenza
604	influenza
605	influenza
617	influenza
618	influenza
626	influenza
656	influenza
684	influenza
732	influenza
752	influenza
756	influenza
801	influenza
839	influenza
881	influenza
894	influenza
896	influenza
985	influenza
987	influenza
990	influenza
995	influenza
998	influenza
1061	influenza
1086	influenza
1110	influenza
1132	influenza
1133	influenza
1150	influenza
1178	influenza
1201	influenza
1212	influenza
1227	influenza
1245	influenza
1248	influenza
1273	influenza
1301	influenza
1306	influenza
1352	influenza
1353	influenza
1430	influenza
1436	influenza
1438	influenza
1447	influenza
1455	influenza
1473	influenza
1481	influenza
1528	influenza
1529	influenza
1533	influenza
1543	influenza
1544	influenza
1612	influenza
1643	influenza
1702	influenza
1718	influenza
1725	influenza
1735	influenza
1790	influenza
1866	influenza
1868	influenza
1891	influenza
1901	influenza
1918	influenza
1920	influenza
1932	influenza
1947	influenza
1982	influenza
1987	influenza
2013	influenza
2020	influenza
2052	influenza
2057	influenza
2088	influenza
2140	influenza
2144	influenza
2168	influenza
2186	influenza
2212	influenza
2218	influenza
2234	influenza
2288	influenza
2293	influenza
2296	influenza
2307	influenza
2319	influenza
2347	influenza
2353	influenza
2371	influenza
2407	influenza
2408	influenza
2448	influenza
2461	influenza
2484	influenza
2489	influenza
2501	influenza
2540	influenza
2553	influenza
2567	influenza
2571	influenza
2574	influenza
2594	influenza
2603	influenza
2623	influenza
2632	influenza
2665	influenza
2675	influenza
2676	influenza
2678	influenza
2750	influenza
2764	influenza
2845	influenza
2847	influenza
2851	influenza
2865	influenza
2890	influenza
2919	influenza
2922	influenza
2963	influenza
2977	influenza
2991	influenza
3051	influenza
3091	influenza
3095	influenza
3109	influenza
3159	influenza
3205	influenza
3206	influenza
3217	influenza
3240	influenza
3249	influenza
3250	influenza
3261	influenza
3318	influenza
3384	influenza
3408	influenza
3413	influenza
3424	influenza
3430	influenza
3433	influenza
3442	influenza
3478	influenza
3496	influenza
3527	influenza
3552	influenza
3557	influenza
3597	influenza
3602	influenza
3606	influenza
3631	influenza
3646	influenza
3659	influenza
3662	influenza
3671	influenza
3672	influenza
3711	influenza
3713	influenza
3724	influenza
3745	influenza
3811	influenza
3838	influenza
3853	influenza
3901	influenza
3940	influenza
3998	influenza
4015	influenza
4080	influenza
4099	influenza
4108	influenza
4109	influenza
4110	influenza
4124	influenza
4130	influenza
4145	influenza
4168	influenza
4214	influenza
4218	influenza
4297	influenza
4305	influenza
4311	influenza
4328	influenza
4337	influenza
4344	influenza
4357	influenza
4367	influenza
4472	influenza
4490	influenza
4510	influenza
4518	influenza
4578	influenza
4581	influenza
4590	influenza
4634	influenza
4703	influenza
4729	influenza
4787	influenza
4801	influenza
4816	influenza
4858	influenza
4881	influenza
4901	influenza
4912	influenza
4920	influenza
4923	influenza
4945	influenza
4954	influenza
4955	influenza
4956	influenza
4974	influenza
4990	influenza
4995	influenza
5010	influenza
5043	influenza
5075	influenza
5086	influenza
5097	influenza
5179	influenza
5192	influenza
5206	influenza
5217	influenza
5218	influenza
5220	influenza
5262	influenza
5270	influenza
5285	influenza
5351	influenza
5371	influenza
5378	influenza
5393	influenza
5411	influenza
5471	influenza
5474	influenza
5508	influenza
5516	influenza
5526	influenza
5528	influenza
5533	influenza
5555	influenza
5568	influenza
5596	influenza
5598	influenza
5599	influenza
5622	influenza
5700	influenza
5705	influenza
5722	influenza
5725	influenza
5736	influenza
5745	influenza
5767	influenza
5817	influenza
5820	influenza
5845	influenza
5880	influenza
5881	influenza
5892	influenza
5925	influenza
5926	influenza
5929	influenza
6001	influenza
6060	influenza
6085	influenza
6133	influenza
6159	influenza
6161	influenza
6198	influenza
6242	influenza
6251	influenza
6276	influenza
6294	influenza
6306	influenza
6309	influenza
6352	influenza
6368	influenza
6372	influenza
6393	influenza
6413	influenza
6420	influenza
6465	influenza
6467	influenza
6475	influenza
6496	influenza
6522	influenza
6530	influenza
6581	influenza
6590	influenza
6658	influenza
6661	influenza
6676	influenza
6711	influenza
6722	influenza
6728	influenza
6741	influenza
6754	influenza
6802	influenza
6807	influenza
6821	influenza
6822	influenza
6872	influenza
6907	influenza
6936	influenza
6940	influenza
6988	influenza
6996	influenza
7036	influenza
7093	influenza
7100	influenza
7108	influenza
7122	influenza
7146	influenza
7149	influenza
7158	influenza
7181	influenza
7183	influenza
7187	influenza
7201	influenza
7221	influenza
7224	influenza
7238	influenza
7294	influenza
7314	influenza
7324	influenza
7366	influenza
7379	influenza
7418	influenza
7447	influenza
7460	influenza
7472	influenza
7486	influenza
7506	influenza
7508	influenza
7538	influenza
7564	influenza
7573	influenza
7596	influenza
7598	influenza
7611	influenza
7621	influenza
7642	influenza
7669	influenza
7680	influenza
7696	influenza
7715	influenza
7722	influenza
7734	influenza
7759	influenza
7772	influenza
7779	influenza
7780	influenza
7787	influenza
7832	influenza
7890	influenza
7905	influenza
7956	influenza
7992	influenza
8012	influenza
8022	influenza
8063	influenza
8074	influenza
8089	influenza
8118	influenza
8191	influenza
8209	influenza
8238	influenza
8249	influenza
8252	influenza
8298	influenza
8373	influenza
8410	influenza
8445	influenza
8446	influenza
8485	influenza
8527	influenza
8535	influenza
8552	influenza
8558	influenza
8594	influenza
8610	influenza
8634	influenza
8653	influenza
8717	influenza
8723	influenza
8740	influenza
8775	influenza
8778	influenza
8826	influenza
8834	influenza
8839	influenza
8862	influenza
8869	influenza
8890	influenza
8897	influenza
8908	influenza
8920	influenza
8922	influenza
8966	influenza
9049	influenza
9077	influenza
9147	influenza
9177	influenza
9184	influenza
9185	influenza
9193	influenza
9256	influenza
9269	influenza
9273	influenza
9296	influenza
9340	influenza
9368	influenza
9374	influenza
9376	influenza
9385	influenza
9398	influenza
9424	influenza
9454	influenza
9511	influenza
9515	influenza
9530	influenza
9586	influenza
9633	influenza
9681	influenza
9711	influenza
9720	influenza
9741	influenza
9749	influenza
9801	influenza
9829	influenza
9830	influenza
9837	influenza
9856	influenza
9859	influenza
9863	influenza
9893	influenza
9915	influenza
9932	influenza
9934	influenza
9958	influenza
9988	influenza
9998	influenza
10005	influenza
10012	influenza
10013	influenza
10017	influenza
10036	influenza
10068	influenza
10069	influenza
10092	influenza
10093	influenza
10098	influenza
10114	influenza
10132	influenza
10135	influenza
10160	influenza
10170	influenza
10174	influenza
10178	influenza
10217	influenza
10226	influenza
10249	influenza
10259	influenza
10322	influenza
10329	influenza
10332	influenza
10333	influenza
10337	influenza
10360	influenza
10375	influenza
10379	influenza
10405	influenza
10439	influenza
10443	influenza
10455	influenza
10465	influenza
10476	influenza
10505	influenza
10538	influenza
10584	influenza
10594	influenza
10601	influenza
10606	influenza
10629	influenza
10662	influenza
10674	influenza
10679	influenza
10684	influenza
10715	influenza
10743	influenza
10777	influenza
10795	influenza
10826	influenza
10828	influenza
10834	influenza
10883	influenza
10899	influenza
10901	influenza
10904	influenza
10985	influenza
11007	influenza
11010	influenza
11042	influenza
11047	influenza
11083	influenza
11118	influenza
11132	influenza
11137	influenza
11146	influenza
11148	influenza
11151	influenza
11158	influenza
11173	influenza
11256	influenza
11294	influenza
11298	influenza
11301	influenza
11308	influenza
11344	influenza
11361	influenza
11391	influenza
11401	influenza
11472	influenza
11491	influenza
11505	influenza
11508	influenza
11520	influenza
11555	influenza
11585	influenza
11586	influenza
11593	influenza
11594	influenza
11601	influenza
11602	influenza
11641	influenza
11695	influenza
11700	influenza
11708	influenza
11710	influenza
11711	influenza
11765	influenza
11767	influenza
11775	influenza
11786	influenza
11796	influenza
11844	influenza
11851	influenza
11885	influenza
11887	influenza
11892	influenza
11893	influenza
11982	influenza
12004	influenza
12056	influenza
12069	influenza
12082	influenza
12097	influenza
12111	influenza
12140	influenza
12260	influenza
12269	influenza
12301	influenza
12319	influenza
12371	influenza
12372	influenza
12397	influenza
12410	influenza
12450	influenza
12476	influenza
12579	influenza
12637	influenza
12641	influenza
12678	influenza
12689	influenza
12725	influenza
12735	influenza
12776	influenza
12807	influenza
12820	influenza
12821	influenza
12851	influenza
12866	influenza
12872	influenza
12873	influenza
12878	influenza
12909	influenza
12931	influenza
12938	influenza
12945	influenza
12959	influenza
12987	influenza
12990	influenza
13011	influenza
13021	influenza
13085	influenza
13103	influenza
13113	influenza
13145	influenza
13146	influenza
13156	influenza
13223	influenza
13226	influenza
13232	influenza
13238	influenza
13245	influenza
13251	influenza
13278	influenza
13294	influenza
13351	influenza
13357	influenza
13384	influenza
13418	influenza
13434	influenza
13456	influenza
13461	influenza
13465	influenza
13493	influenza
13499	influenza
13507	influenza
13510	influenza
13536	influenza
13553	influenza
13560	influenza
13579	influenza
13626	influenza
13656	influenza
13657	influenza
13661	influenza
13679	influenza
13692	influenza
13727	influenza
13768	influenza
13788	influenza
13822	influenza
13829	influenza
13841	influenza
13881	influenza
13894	influenza
13910	influenza
13918	influenza
13951	influenza
13957	influenza
13990	influenza
14020	influenza
14022	influenza
14045	influenza
14054	influenza
14056	influenza
14057	influenza
14065	influenza
14072	influenza
14095	influenza
14123	influenza
14130	influenza
14137	influenza
14164	influenza
14240	influenza
14275	influenza
14277	influenza
14299	influenza
14305	influenza
14311	influenza
14316	influenza
14335	influenza
14365	influenza
14384	influenza
14454	influenza
14474	influenza
14533	influenza
14544	influenza
14566	influenza
14596	influenza
14599	influenza
14613	influenza
14614	influenza
14622	influenza
14679	influenza
14688	influenza
14689	influenza
14701	influenza
14704	influenza
14751	influenza
14761	influenza
14782	influenza
14808	influenza
14822	influenza
14856	influenza
14857	influenza
14859	influenza
14869	influenza
14889	influenza
14911	influenza
14928	influenza
14965	influenza
15023	influenza
15089	influenza
15105	influenza
15109	influenza
15120	influenza
15183	influenza
15198	influenza
15204	influenza
15211	influenza
15256	influenza
15271	influenza
15272	influenza
15278	influenza
15316	influenza
15352	influenza
15362	influenza
15381	influenza
15393	influenza
15440	influenza
15456	influenza
15478	influenza
15564	influenza
15565	influenza
15575	influenza
15579	influenza
15581	influenza
15582	influenza
15599	influenza
15616	influenza
15625	influenza
15662	influenza
15684	influenza
15704	influenza
15705	influenza
15733	influenza
15753	influenza
15766	influenza
15779	influenza
15789	influenza
15801	influenza
15811	influenza
15831	influenza
15839	influenza
15844	influenza
15876	influenza
15887	influenza
15906	influenza
15910	influenza
15914	influenza
15920	influenza
15925	influenza
15930	influenza
15933	influenza
16004	influenza
16009	influenza
16026	influenza
16040	influenza
16049	influenza
16050	influenza
16056	influenza
16090	influenza
16110	influenza
16138	influenza
16147	influenza
16161	influenza
16163	influenza
16172	influenza
16181	influenza
16183	influenza
16200	influenza
16214	influenza
16262	influenza
16273	influenza
16288	influenza
16299	influenza
16328	influenza
16348	influenza
16383	influenza
16398	influenza
16419	influenza
16426	influenza
16440	influenza
16455	influenza
16469	influenza
16486	influenza
16503	influenza
16510	influenza
16522	influenza
16551	influenza
16579	influenza
16629	influenza
16656	influenza
16662	influenza
16664	influenza
16709	influenza
16755	influenza
16760	influenza
16767	influenza
16783	influenza
16824	influenza
16842	influenza
16848	influenza
16889	influenza
16898	influenza
16913	influenza
16916	influenza
16953	influenza
16962	influenza
16972	influenza
16985	influenza
16986	influenza
16988	influenza
17034	influenza
17048	influenza
17080	influenza
17147	influenza
17206	influenza
17209	influenza
17257	influenza
17276	influenza
17334	influenza
17368	influenza
17369	influenza
17393	influenza
17462	influenza
17465	influenza
17481	influenza
17557	influenza
17617	influenza
17630	influenza
17643	influenza
17665	influenza
17668	influenza
17672	influenza
17683	influenza
17713	influenza
17802	influenza
17844	influenza
17855	influenza
17883	influenza
17888	influenza
17889	influenza
17914	influenza
17916	influenza
17941	influenza
17966	influenza
17985	influenza
17988	influenza
17995	influenza
18009	influenza
18022	influenza
18026	influenza
18062	influenza
18067	influenza
18111	influenza
18130	influenza
18139	influenza
18152	influenza
18156	influenza
18159	influenza
18170	influenza
18208	influenza
18226	influenza
18228	influenza
18244	influenza
18249	influenza
18263	influenza
18270	influenza
18293	influenza
18335	influenza
18349	influenza
18352	influenza
18386	influenza
18398	influenza
18400	influenza
18421	influenza
18437	influenza
18454	influenza
18469	influenza
18470	influenza
18475	influenza
18520	influenza
18524	influenza
18531	influenza
18578	influenza
18599	influenza
18608	influenza
18640	influenza
18641	influenza
18652	influenza
18655	influenza
18656	influenza
18687	influenza
18694	influenza
18697	influenza
18710	influenza
18812	influenza
18818	influenza
18847	influenza
18872	influenza
18920	influenza
18929	influenza
19028	influenza
19039	influenza
19041	influenza
19042	influenza
19086	influenza
19117	influenza
19128	influenza
19150	influenza
19182	influenza
19197	influenza
19228	influenza
19230	influenza
19297	influenza
19336	influenza
19357	influenza
19491	influenza
19502	influenza
19510	influenza
19513	influenza
19518	influenza
19540	influenza
19568	influenza
19580	influenza
19588	influenza
19595	influenza
19606	influenza
19611	influenza
19612	influenza
19635	influenza
19683	influenza
19693	influenza
19739	influenza
19806	influenza
19819	influenza
19850	influenza
19862	influenza
19879	influenza
19888	influenza
19901	influenza
19917	influenza
19923	influenza
19925	influenza
19930	influenza
19937	influenza
19957	influenza
20057	influenza
20084	influenza
20085	influenza
20109	influenza
20116	influenza
20142	influenza
20168	influenza
20173	influenza
20174	influenza
20227	influenza
20232	influenza
20250	influenza
20354	influenza
20379	influenza
20390	influenza
20415	influenza
20428	influenza
20441	influenza
20457	influenza
20461	influenza
20477	influenza
20505	influenza
20507	influenza
20514	influenza
20566	influenza
20577	influenza
20604	influenza
20616	influenza
20668	influenza
20733	influenza
20797	influenza
20815	influenza
20840	influenza
20877	influenza
20915	influenza
20920	influenza
20955	influenza
21003	influenza
21015	influenza
21084	influenza
21121	influenza
21145	influenza
21167	influenza
21169	influenza
21171	influenza
21191	influenza
21227	influenza
21267	influenza
21298	influenza
21340	influenza
21354	influenza
21362	influenza
21375	influenza
21394	influenza
21396	influenza
21402	influenza
21458	influenza
21464	influenza
21485	influenza
21496	influenza
21502	influenza
21521	influenza
21535	influenza
21573	influenza
21588	influenza
21594	influenza
21601	influenza
21605	influenza
21611	influenza
21725	influenza
21732	influenza
21737	influenza
21755	influenza
21759	influenza
21784	influenza
21798	influenza
21801	influenza
21809	influenza
21822	influenza
21887	influenza
21926	influenza
22001	influenza
22041	influenza
22059	influenza
22088	influenza
22102	influenza
22130	influenza
22140	influenza
22146	influenza
22155	influenza
22160	influenza
22232	influenza
22248	influenza
22256	influenza
22278	influenza
22314	influenza
22337	influenza
22352	influenza
22371	influenza
22376	influenza
22381	influenza
22391	influenza
22403	influenza
22417	influenza
22428	influenza
22435	influenza
22522	influenza
22544	influenza
22555	influenza
22570	influenza
22572	influenza
22598	influenza
22621	influenza
22622	influenza
22777	influenza
22825	influenza
22850	influenza
22886	influenza
22892	influenza
22896	influenza
22920	influenza
22932	influenza
22981	influenza
22982	influenza
22994	influenza
23025	influenza
23046	influenza
23047	influenza
23049	influenza
23060	influenza
23063	influenza
23125	influenza
23128	influenza
23143	influenza
23166	influenza
23200	influenza
23208	influenza
23211	influenza
23212	influenza
23235	influenza
23270	influenza
23280	influenza
23288	influenza
23294	influenza
23302	influenza
23356	influenza
23382	influenza
23398	influenza
23413	influenza
23426	influenza
23440	influenza
23446	influenza
23466	influenza
23475	influenza
23518	influenza
23520	influenza
23522	influenza
23541	influenza
23554	influenza
23557	influenza
23629	influenza
23633	influenza
23655	influenza
23665	influenza
23688	influenza
23733	influenza
23773	influenza
23781	influenza
23834	influenza
23845	influenza
23851	influenza
23856	influenza
23867	influenza
23875	influenza
23890	influenza
23893	influenza
23901	influenza
23925	influenza
23930	influenza
23943	influenza
23955	influenza
23977	influenza
23983	influenza
23992	influenza
24005	influenza
24049	influenza
24107	influenza
24125	influenza
24138	influenza
24145	influenza
24152	influenza
24153	influenza
24168	influenza
24172	influenza
24178	influenza
24184	influenza
24194	influenza
24214	influenza
24225	influenza
24235	influenza
24246	influenza
24257	influenza
24277	influenza
24282	influenza
24288	influenza
24296	influenza
24307	influenza
24409	influenza
24431	influenza
24437	influenza
24462	influenza
24481	influenza
24512	influenza
24517	influenza
24550	influenza
24565	influenza
24605	influenza
24616	influenza
24643	influenza
24677	influenza
24688	influenza
24692	influenza
24703	influenza
24741	influenza
24742	influenza
24778	influenza
24789	influenza
24795	influenza
24817	influenza
24821	influenza
24834	influenza
24843	influenza
24850	influenza
24867	influenza
24922	influenza
24933	influenza
24979	influenza
24992	influenza
25020	influenza
25070	influenza
25082	influenza
25091	influenza
25152	influenza
25186	influenza
25187	influenza
25210	influenza
25216	influenza
25219	influenza
25227	influenza
25275	influenza
25304	influenza
25335	influenza
25352	influenza
25377	influenza
25380	influenza
25384	influenza
25389	influenza
25403	influenza
25408	influenza
25427	influenza
25435	influenza
25453	influenza
25454	influenza
25465	influenza
25527	influenza
25564	influenza
25569	influenza
25576	influenza
25637	influenza
25665	influenza
25673	influenza
25686	influenza
25688	influenza
25700	influenza
25760	influenza
25761	influenza
25789	influenza
25795	influenza
25810	influenza
25824	influenza
25826	influenza
25861	influenza
25865	influenza
25882	influenza
25899	influenza
25915	influenza
25945	influenza
25958	influenza
25978	influenza
26005	influenza
26026	influenza
26027	influenza
26031	influenza
26035	influenza
26041	influenza
26046	influenza
26063	influenza
26082	influenza
26160	influenza
26173	influenza
26182	influenza
26189	influenza
26195	influenza
26226	influenza
26228	influenza
26230	influenza
26235	influenza
26256	influenza
26268	influenza
26289	influenza
26292	influenza
26317	influenza
26331	influenza
26344	influenza
26373	influenza
26376	influenza
26410	influenza
26425	influenza
26427	influenza
26535	influenza
26565	influenza
26586	influenza
26591	influenza
26602	influenza
26615	influenza
26646	influenza
26668	influenza
26673	influenza
26678	influenza
26689	influenza
26747	influenza
26800	influenza
26859	influenza
26871	influenza
26932	influenza
26950	influenza
26972	influenza
27006	influenza
27027	influenza
27140	influenza
27144	influenza
27148	influenza
27164	influenza
27166	influenza
27200	influenza
27201	influenza
27210	influenza
27256	influenza
27276	influenza
27282	influenza
27285	influenza
27290	influenza
27318	influenza
27344	influenza
27346	influenza
27365	influenza
27375	influenza
27386	influenza
27401	influenza
27402	influenza
27405	influenza
27466	influenza
27500	influenza
27520	influenza
27527	influenza
27530	influenza
27532	influenza
27594	influenza
27618	influenza
27666	influenza
27676	influenza
27677	influenza
27690	influenza
27720	influenza
27725	influenza
27752	influenza
27758	influenza
27800	influenza
27811	influenza
27825	influenza
27838	influenza
27847	influenza
27854	influenza
27856	influenza
27864	influenza
27866	influenza
27883	influenza
27896	influenza
27899	influenza
27915	influenza
27942	influenza
27982	influenza
27984	influenza
27985	influenza
27992	influenza
28007	influenza
28021	influenza
28045	influenza
28059	influenza
28102	influenza
28113	influenza
28192	influenza
28213	influenza
28226	influenza
28243	influenza
28261	influenza
28314	influenza
28338	influenza
28341	influenza
28342	influenza
28355	influenza
28366	influenza
28375	influenza
28379	influenza
28387	influenza
28430	influenza
28459	influenza
28477	influenza
28549	influenza
28550	influenza
28645	influenza
28653	influenza
28732	influenza
28734	influenza
28750	influenza
28767	influenza
28774	influenza
28796	influenza
28857	influenza
28864	influenza
28894	influenza
28942	influenza
28954	influenza
29000	influenza
29004	influenza
29026	influenza
29068	influenza
29083	influenza
29135	influenza
29157	influenza
29173	influenza
29176	influenza
29201	influenza
29202	influenza
29221	influenza
29225	influenza
29254	influenza
29285	influenza
29291	influenza
29313	influenza
29322	influenza
29405	influenza
29412	influenza
29431	influenza
29432	influenza
29437	influenza
29453	influenza
29456	influenza
29460	influenza
29495	influenza
29533	influenza
29598	influenza
29626	influenza
29629	influenza
29649	influenza
29666	influenza
29672	influenza
29677	influenza
29697	influenza
29773	influenza
29809	influenza
29813	influenza
29820	influenza
29824	influenza
29832	influenza
29865	influenza
29896	influenza
29981	influenza
29983	influenza
29986	influenza
30012	influenza
30022	influenza
30045	influenza
30072	influenza
30076	influenza
30079	influenza
30099	influenza
30183	influenza
30185	influenza
30194	influenza
30196	influenza
30205	influenza
30259	influenza
30267	influenza
30311	influenza
30390	influenza
30405	influenza
30432	influenza
30456	influenza
30477	influenza
30483	influenza
30516	influenza
30544	influenza
30555	influenza
30573	influenza
30599	influenza
30620	influenza
30621	influenza
30628	influenza
30634	influenza
30635	influenza
30668	influenza
30699	influenza
30778	influenza
30792	influenza
30799	influenza
30850	influenza
30879	influenza
30933	influenza
30947	influenza
30952	influenza
30957	influenza
30961	influenza
30962	influenza
30967	influenza
31021	influenza
31030	influenza
31044	influenza
31059	influenza
31062	influenza
31064	influenza
31073	influenza
31109	influenza
31129	influenza
31134	influenza
31193	influenza
31204	influenza
31207	influenza
31241	influenza
31251	influenza
31259	influenza
31273	influenza
31281	influenza
31284	influenza
31285	influenza
31305	influenza
31317	influenza
31332	influenza
31346	influenza
31358	influenza
31435	influenza
31439	influenza
31456	influenza
31509	influenza
31554	influenza
31558	influenza
31667	influenza
31676	influenza
31679	influenza
31681	influenza
31726	influenza
31730	influenza
31738	influenza
31792	influenza
31799	influenza
31828	influenza
31850	influenza
31879	influenza
31880	influenza
31942	influenza
31965	influenza
31991	influenza
31992	influenza
32003	influenza
32052	influenza
32101	influenza
32103	influenza
32122	influenza
32123	influenza
32170	influenza
32171	influenza
32198	influenza
32232	influenza
32257	influenza
32259	influenza
32286	influenza
32289	influenza
32335	influenza
32362	influenza
32374	influenza
32401	influenza
32405	influenza
32464	influenza
32469	influenza
32471	influenza
32518	influenza
32525	influenza
32539	influenza
32561	influenza
32579	influenza
32589	influenza
32617	influenza
32637	influenza
32665	influenza
32701	influenza
32708	influenza
32779	influenza
32814	influenza
32827	influenza
32833	influenza
32835	influenza
32868	influenza
32870	influenza
32881	influenza
32911	influenza
32913	influenza
32929	influenza
32949	influenza
33005	influenza
33045	influenza
33100	influenza
33105	influenza
33111	influenza
33119	influenza
33122	influenza
33126	influenza
33127	influenza
33141	influenza
33161	influenza
33192	influenza
33197	influenza
33203	influenza
33222	influenza
33224	influenza
33252	influenza
33269	influenza
33318	influenza
33329	influenza
33336	influenza
33369	influenza
33371	influenza
33374	influenza
33405	influenza
33411	influenza
33488	influenza
33493	influenza
33497	influenza
33501	influenza
33523	influenza
33540	influenza
33554	influenza
33563	influenza
33589	influenza
33607	influenza
33620	influenza
33621	influenza
33623	influenza
33648	influenza
33663	influenza
33696	influenza
33703	influenza
33705	influenza
33710	influenza
33719	influenza
33739	influenza
33759	influenza
33781	influenza
33791	influenza
33802	influenza
33937	influenza
33964	influenza
33965	influenza
33978	influenza
33984	influenza
33986	influenza
33987	influenza
34016	influenza
34032	influenza
34053	influenza
34057	influenza
34140	influenza
34240	influenza
34242	influenza
34246	influenza
34260	influenza
34264	influenza
34275	influenza
34295	influenza
34327	influenza
34353	influenza
34365	influenza
34384	influenza
34394	influenza
34420	influenza
34469	influenza
34478	influenza
34564	influenza
34606	influenza
34616	influenza
34621	influenza
34671	influenza
34691	influenza
34693	influenza
34699	influenza
34719	influenza
34741	influenza
34746	influenza
34772	influenza
34788	influenza
34792	influenza
34815	influenza
34822	influenza
34829	influenza
34831	influenza
34834	influenza
34839	influenza
34854	influenza
34858	influenza
34863	influenza
34891	influenza
34921	influenza
34925	influenza
34931	influenza
34933	influenza
34955	influenza
34967	influenza
35045	influenza
35046	influenza
35107	influenza
35110	influenza
35143	influenza
35150	influenza
35176	influenza
35188	influenza
35191	influenza
35196	influenza
35228	influenza
35246	influenza
35254	influenza
35267	influenza
35296	influenza
35310	influenza
35339	influenza
35369	influenza
35452	influenza
35502	influenza
35509	influenza
35528	influenza
35566	influenza
35582	influenza
35591	influenza
35644	influenza
35666	influenza
35688	influenza
35691	influenza
35707	influenza
35739	influenza
35755	influenza
35760	influenza
35764	influenza
35796	influenza
35798	influenza
35801	influenza
35802	influenza
35820	influenza
35825	influenza
35828	influenza
35857	influenza
35864	influenza
35900	influenza
35902	influenza
35904	influenza
35915	influenza
35919	influenza
35922	influenza
35933	influenza
35937	influenza
35954	influenza
35956	influenza
35960	influenza
35976	influenza
35979	influenza
35999	influenza
36037	influenza
36051	influenza
36063	influenza
36091	influenza
36095	influenza
36102	influenza
36127	influenza
36132	influenza
36141	influenza
36145	influenza
36156	influenza
36167	influenza
36178	influenza
36231	influenza
36244	influenza
36326	influenza
36350	influenza
36405	influenza
36423	influenza
36440	influenza
36447	influenza
36457	influenza
36475	influenza
36504	influenza
36510	influenza
36511	influenza
36515	influenza
36529	influenza
36531	influenza
36563	influenza
36572	influenza
36583	influenza
36598	influenza
36611	influenza
36630	influenza
36639	influenza
36657	influenza
36662	influenza
36675	influenza
36682	influenza
36692	influenza
36695	influenza
36760	influenza
36798	influenza
36806	influenza
36810	influenza
36812	influenza
36830	influenza
36872	influenza
36921	influenza
36926	influenza
36930	influenza
36972	influenza
36994	influenza
37030	influenza
37043	influenza
37101	influenza
37115	influenza
37148	influenza
37158	influenza
37164	influenza
37190	influenza
37212	influenza
37232	influenza
37236	influenza
37252	influenza
37262	influenza
37280	influenza
37304	influenza
37313	influenza
37321	influenza
37337	influenza
37389	influenza
37425	influenza
37448	influenza
37482	influenza
37495	influenza
37505	influenza
37514	influenza
37549	influenza
37571	influenza
37575	influenza
37580	influenza
37597	influenza
37602	influenza
37705	influenza
37719	influenza
37760	influenza
37779	influenza
37790	influenza
37794	influenza
37798	influenza
37801	influenza
37807	influenza
37830	influenza
37833	influenza
37854	influenza
37866	influenza
37877	influenza
37907	influenza
37915	influenza
37938	influenza
37944	influenza
37999	influenza
38008	influenza
38047	influenza
38052	influenza
38061	influenza
38071	influenza
38085	influenza
38086	influenza
38110	influenza
38116	influenza
38133	influenza
38162	influenza
38171	influenza
38179	influenza
38205	influenza
38241	influenza
38255	influenza
38260	influenza
38275	influenza
38280	influenza
38307	influenza
38313	influenza
38316	influenza
38325	influenza
38335	influenza
38337	influenza
38351	influenza
38353	influenza
38387	influenza
38400	influenza
38405	influenza
38413	influenza
38415	influenza
38422	influenza
38425	influenza
38453	influenza
38455	influenza
38461	influenza
38466	influenza
38469	influenza
38475	influenza
38476	influenza
38481	influenza
38517	influenza
38525	influenza
38560	influenza
38597	influenza
38618	influenza
38664	influenza
38678	influenza
38716	influenza
38767	influenza
38775	influenza
38781	influenza
38807	influenza
38810	influenza
38822	influenza
38825	influenza
38872	influenza
38903	influenza
38919	influenza
38923	influenza
38965	influenza
38974	influenza
38977	influenza
38994	influenza
38999	influenza
39018	influenza
39031	influenza
39034	influenza
39039	influenza
39078	influenza
39143	influenza
39156	influenza
39157	influenza
39167	influenza
39181	influenza
39211	influenza
39277	influenza
39283	influenza
39286	influenza
39307	influenza
39314	influenza
39322	influenza
39333	influenza
39343	influenza
39350	influenza
39368	influenza
39381	influenza
39404	influenza
39417	influenza
39434	influenza
39441	influenza
39446	influenza
39453	influenza
39483	influenza
39498	influenza
39503	influenza
39515	influenza
39525	influenza
39536	influenza
39560	influenza
39596	influenza
39604	influenza
39615	influenza
39616	influenza
39624	influenza
39626	influenza
39639	influenza
39701	influenza
39743	influenza
39763	influenza
39772	influenza
39801	influenza
39824	influenza
39848	influenza
39855	influenza
39914	influenza
39927	influenza
39952	influenza
39976	influenza
39985	influenza
39986	influenza
39999	influenza
40019	influenza
40108	influenza
40180	influenza
40186	influenza
40188	influenza
40231	influenza
40253	influenza
40258	influenza
40282	influenza
40295	influenza
40305	influenza
40309	influenza
40334	influenza
40390	influenza
40406	influenza
40411	influenza
40420	influenza
40441	influenza
40443	influenza
40461	influenza
40473	influenza
40474	influenza
40499	influenza
40531	influenza
40533	influenza
40537	influenza
40538	influenza
40592	influenza
40599	influenza
40618	influenza
40629	influenza
40638	influenza
40640	influenza
40662	influenza
40674	influenza
40703	influenza
40705	influenza
40748	influenza
40751	influenza
40765	influenza
40786	influenza
40802	influenza
40837	influenza
40905	influenza
40912	influenza
40968	influenza
40991	influenza
40996	influenza
41034	influenza
41057	influenza
41081	influenza
41095	influenza
41167	influenza
41168	influenza
41185	influenza
41203	influenza
41214	influenza
41228	influenza
41238	influenza
41259	influenza
41269	influenza
41310	influenza
41312	influenza
41333	influenza
41364	influenza
41374	influenza
41384	influenza
41396	influenza
41400	influenza
41403	influenza
41410	influenza
41481	influenza
41486	influenza
41500	influenza
41515	influenza
41549	influenza
41552	influenza
41566	influenza
41586	influenza
41589	influenza
41620	influenza
41631	influenza
41661	influenza
41685	influenza
41691	influenza
41694	influenza
41702	influenza
41712	influenza
41735	influenza
41736	influenza
41739	influenza
41748	influenza
41757	influenza
41760	influenza
41774	influenza
41824	influenza
41828	influenza
41877	influenza
41942	influenza
41950	influenza
41959	influenza
41971	influenza
41978	influenza
42003	influenza
42009	influenza
42021	influenza
42029	influenza
42042	influenza
42045	influenza
42070	influenza
42132	influenza
42167	influenza
42174	influenza
42176	influenza
42203	influenza
42208	influenza
42274	influenza
42298	influenza
42317	influenza
42320	influenza
42323	influenza
42331	influenza
42403	influenza
42406	influenza
42451	influenza
42470	influenza
42485	influenza
42486	influenza
42487	influenza
42494	influenza
42502	influenza
42527	influenza
42574	influenza
42673	influenza
42678	influenza
42679	influenza
42711	influenza
42716	influenza
42753	influenza
42758	influenza
42784	influenza
42796	influenza
42798	influenza
42806	influenza
42825	influenza
42842	influenza
42857	influenza
42860	influenza
42874	influenza
42896	influenza
42904	influenza
42937	influenza
42942	influenza
42978	influenza
43008	influenza
43023	influenza
43086	influenza
43090	influenza
43110	influenza
43111	influenza
43113	influenza
43123	influenza
43135	influenza
43150	influenza
43164	influenza
43183	influenza
43204	influenza
43215	influenza
43220	influenza
43244	influenza
43320	influenza
43353	influenza
43396	influenza
43420	influenza
43450	influenza
43483	influenza
43500	influenza
43501	influenza
43509	influenza
43532	influenza
43542	influenza
43551	influenza
43554	influenza
43598	influenza
43604	influenza
43642	influenza
43649	influenza
43693	influenza
43697	influenza
43701	influenza
43720	influenza
43734	influenza
43765	influenza
43781	influenza
43829	influenza
43831	influenza
43836	influenza
43853	influenza
43868	influenza
43869	influenza
43882	influenza
43902	influenza
43907	influenza
43923	influenza
43940	influenza
43952	influenza
43953	influenza
43959	influenza
43966	influenza
44002	influenza
44004	influenza
44018	influenza
44027	influenza
44037	influenza
44041	influenza
44061	influenza
44109	influenza
44129	influenza
44134	influenza
44180	influenza
44181	influenza
44193	influenza
44236	influenza
44254	influenza
44265	influenza
44285	influenza
44290	influenza
44306	influenza
44315	influenza
44332	influenza
44379	influenza
44386	influenza
44387	influenza
44392	influenza
44400	influenza
44483	influenza
44491	influenza
44496	influenza
44522	influenza
44546	influenza
44570	influenza
44573	influenza
44593	influenza
44597	influenza
44600	influenza
44608	influenza
44609	influenza
44610	influenza
44643	influenza
44661	influenza
44664	influenza
44699	influenza
44702	influenza
44723	influenza
44730	influenza
44749	influenza
44763	influenza
44781	influenza
44823	influenza
44829	influenza
44836	influenza
44844	influenza
44934	influenza
44935	influenza
44937	influenza
44953	influenza
44966	influenza
44974	influenza
44993	influenza
45001	influenza
45006	influenza
45007	influenza
45009	influenza
45029	influenza
45031	influenza
45102	influenza
45124	influenza
45130	influenza
45163	influenza
45167	influenza
45173	influenza
45186	influenza
45191	influenza
45202	influenza
45226	influenza
45244	influenza
45281	influenza
45282	influenza
45316	influenza
45357	influenza
45374	influenza
45391	influenza
45425	influenza
45430	influenza
45441	influenza
45448	influenza
45458	influenza
45468	influenza
45469	influenza
45489	influenza
45506	influenza
45507	influenza
45520	influenza
45523	influenza
45526	influenza
45531	influenza
45537	influenza
45539	influenza
45546	influenza
45578	influenza
45596	influenza
45602	influenza
45616	influenza
45696	influenza
45700	influenza
45729	influenza
45758	influenza
45782	influenza
45798	influenza
45806	influenza
45813	influenza
45820	influenza
45844	influenza
45877	influenza
45879	influenza
45883	influenza
45915	influenza
45916	influenza
45964	influenza
45978	influenza
45983	influenza
46010	influenza
46047	influenza
46049	influenza
46076	influenza
46078	influenza
46082	influenza
46107	influenza
46132	influenza
46166	influenza
46168	influenza
46188	influenza
46205	influenza
46225	influenza
46248	influenza
46270	influenza
46279	influenza
46291	influenza
46360	influenza
46362	influenza
46368	influenza
46372	influenza
46391	influenza
46411	influenza
46438	influenza
46469	influenza
46524	influenza
46542	influenza
46556	influenza
46569	influenza
46583	influenza
46627	influenza
46637	influenza
46642	influenza
46646	influenza
46674	influenza
46706	influenza
46725	influenza
46756	influenza
46760	influenza
46774	influenza
46789	influenza
46793	influenza
46820	influenza
46836	influenza
46839	influenza
46843	influenza
46858	influenza
46900	influenza
46904	influenza
46914	influenza
46947	influenza
47029	influenza
47066	influenza
47104	influenza
47109	influenza
47138	influenza
47197	influenza
47204	influenza
47288	influenza
47290	influenza
47292	influenza
47297	influenza
47298	influenza
47333	influenza
47340	influenza
47357	influenza
47360	influenza
47362	influenza
47419	influenza
47434	influenza
47436	influenza
47473	influenza
47499	influenza
47536	influenza
47542	influenza
47548	influenza
47553	influenza
47586	influenza
47610	influenza
47623	influenza
47625	influenza
47649	influenza
47661	influenza
47664	influenza
47667	influenza
47697	influenza
47713	influenza
47817	influenza
47829	influenza
47871	influenza
47905	influenza
47906	influenza
47950	influenza
47971	influenza
47990	influenza
47992	influenza
47998	influenza
48001	influenza
48004	influenza
48005	influenza
48027	influenza
48034	influenza
48049	influenza
48062	influenza
48168	influenza
48173	influenza
48218	influenza
48239	influenza
48271	influenza
48286	influenza
48290	influenza
48292	influenza
48314	influenza
48328	influenza
48345	influenza
48386	influenza
48389	influenza
48392	influenza
48397	influenza
48439	influenza
48470	influenza
48477	influenza
48503	influenza
48507	influenza
48508	influenza
48534	influenza
48536	influenza
48568	influenza
48607	influenza
48619	influenza
48628	influenza
48632	influenza
48649	influenza
48691	influenza
48698	influenza
48724	influenza
48734	influenza
48767	influenza
48782	influenza
48790	influenza
48813	influenza
48816	influenza
48897	influenza
48901	influenza
48926	influenza
48940	influenza
49004	influenza
49052	influenza
49090	influenza
49121	influenza
49209	influenza
49211	influenza
49244	influenza
49261	influenza
49263	influenza
49275	influenza
49286	influenza
49298	influenza
49302	influenza
49308	influenza
49320	influenza
49334	influenza
49339	influenza
49356	influenza
49373	influenza
49381	influenza
49393	influenza
49432	influenza
49433	influenza
49435	influenza
49523	influenza
49531	influenza
49554	influenza
49644	influenza
49652	influenza
49687	influenza
49725	influenza
49779	influenza
49790	influenza
49799	influenza
49800	influenza
49825	influenza
49828	influenza
49838	influenza
49841	influenza
49843	influenza
49858	influenza
49865	influenza
49867	influenza
49890	influenza
49894	influenza
49910	influenza
49963	influenza
49989	influenza
